INSERT INTO Team (idTeam, dateOfEstablishment, name, region) VALUES (1, '2011-01-01', 'TSM', 'NA')
INSERT INTO Team (idTeam, dateOfEstablishment, name, region) VALUES (2, '2011-06-18', 'Fnatic', 'EU')
INSERT INTO Team (idTeam, dateOfEstablishment, name, region) VALUES (3, '2014-01-01', 'Roccat', 'PL')

INSERT INTO Player (idPlayer, ign, retired, name, role, surname, team) VALUES (1, 'Wildturtle', false, 'Jason', 'AD', 'Tran', 'TSM')
INSERT INTO Player (idPlayer, ign, retired, name, role, surname, team) VALUES (2, 'Bjergsen', false, 'Soren', 'Mid', 'Bjerg', 'TSM')
INSERT INTO Player (idPlayer, ign, retired, name, role, surname, team) VALUES (3, 'Santorin', true, 'Lucas', 'Jungle', 'Larsen', 'TSM')
INSERT INTO Player (idPlayer, ign, retired, name, role, surname, team) VALUES (4, 'Dyrus', true, 'Marcus', 'Top', 'Hill', 'TSM')
INSERT INTO Player (idPlayer, ign, retired, name, role, surname, team) VALUES (5, 'Lustboy', true, 'Jang-Sik', 'Support', 'Ham', 'TSM')

INSERT INTO Player (idPlayer, ign, retired, name, role, surname, team) VALUES (6, 'Huni', false, 'Heo', 'Top', 'Seung-hoon', 'TSM')
INSERT INTO Player (idPlayer, ign, retired, name, role, surname, team) VALUES (7, 'Reignover', false, 'Kim', 'Jungle', 'Ui-jin', 'Fnatic')
INSERT INTO Player (idPlayer, ign, retired, name, role, surname, team) VALUES (8, 'Febiven', false, 'Fabian', 'Mid', 'Diepstraten', 'Fnatic')
INSERT INTO Player (idPlayer, ign, retired, name, role, surname, team) VALUES (9, 'Rekkles', false, 'Martin', 'AD', 'Larsson', 'Fnatic')
INSERT INTO Player (idPlayer, ign, retired, name, role, surname, team) VALUES (10, 'YellOwStaR', false, 'Bora', 'Support', 'Kim', 'Fnatic')

INSERT INTO Player (idPlayer, ign, retired, name, role, surname, team) VALUES (11, 'Steve', false, 'Etienne', 'Top', 'Michels', 'Roccat')
INSERT INTO Player (idPlayer, ign, retired, name, role, surname, team) VALUES (12, 'Jankos', false, 'Marcin', 'Jungle', 'Jankowski', 'Roccat')
INSERT INTO Player (idPlayer, ign, retired, name, role, surname, team) VALUES (13, 'Nukeduck', false, 'Erlend', 'Mid', 'Holm', 'Roccat')
INSERT INTO Player (idPlayer, ign, retired, name, role, surname, team) VALUES (14, 'MrRalleZ', false, 'Rasmus', 'AD', 'Skinneholm', 'Roccat')
INSERT INTO Player (idPlayer, ign, retired, name, role, surname, team) VALUES (15, 'VandeR', false, 'Oskar', 'Support', 'Bogdan', 'Roccat')
INSERT INTO Player (idPlayer, ign, retired, name, role, surname, team) VALUES (16, 'YamatoCannon', false, 'Jakob', 'Coach', 'Mebdi', 'Roccat')

INSERT INTO TEAM_PLAYER(TEAM_IDTEAM, PLAYERS_IDPLAYER) VALUES (1, 1)
INSERT INTO TEAM_PLAYER(TEAM_IDTEAM, PLAYERS_IDPLAYER) VALUES (1, 2)
INSERT INTO TEAM_PLAYER(TEAM_IDTEAM, PLAYERS_IDPLAYER) VALUES (1, 3)
INSERT INTO TEAM_PLAYER(TEAM_IDTEAM, PLAYERS_IDPLAYER) VALUES (1, 4)
INSERT INTO TEAM_PLAYER(TEAM_IDTEAM, PLAYERS_IDPLAYER) VALUES (1, 5)

INSERT INTO TEAM_PLAYER(TEAM_IDTEAM, PLAYERS_IDPLAYER) VALUES (2, 6)
INSERT INTO TEAM_PLAYER(TEAM_IDTEAM, PLAYERS_IDPLAYER) VALUES (2, 7)
INSERT INTO TEAM_PLAYER(TEAM_IDTEAM, PLAYERS_IDPLAYER) VALUES (2, 8)
INSERT INTO TEAM_PLAYER(TEAM_IDTEAM, PLAYERS_IDPLAYER) VALUES (2, 9)
INSERT INTO TEAM_PLAYER(TEAM_IDTEAM, PLAYERS_IDPLAYER) VALUES (2, 10)

INSERT INTO TEAM_PLAYER(TEAM_IDTEAM, PLAYERS_IDPLAYER) VALUES (3, 11)
INSERT INTO TEAM_PLAYER(TEAM_IDTEAM, PLAYERS_IDPLAYER) VALUES (3, 12)
INSERT INTO TEAM_PLAYER(TEAM_IDTEAM, PLAYERS_IDPLAYER) VALUES (3, 13)
INSERT INTO TEAM_PLAYER(TEAM_IDTEAM, PLAYERS_IDPLAYER) VALUES (3, 14)
INSERT INTO TEAM_PLAYER(TEAM_IDTEAM, PLAYERS_IDPLAYER) VALUES (3, 15)
INSERT INTO TEAM_PLAYER(TEAM_IDTEAM, PLAYERS_IDPLAYER) VALUES (3, 16)